{
  "project_info": {
    "project_number": "821403731437",
    "project_id": "dynamicdata-43b17",
    "storage_bucket": "dynamicdata-43b17.appspot.com"
  },
  "client": [
    {
      "client_info": {
        "mobilesdk_app_id": "1:821403731437:android:ebfbb9cb56cfef525253e4",
        "android_client_info": {
          "package_name": "com.example.dynamicdata"
        }
      },
      "oauth_client": [
        {
          "client_id": "821403731437-c93ak7omvhd9jq16q30lbm9bkn26qlra.apps.googleusercontent.com",
          "client_type": 3
        }
      ],
      "api_key": [
        {
          "current_key": "AIzaSyDHuOLJMeH3Bm3ccR7FLStzLL3JhLI8We8"
        }
      ],
      "services": {
        "appinvite_service": {
          "other_platform_oauth_client": [
            {
              "client_id": "821403731437-c93ak7omvhd9jq16q30lbm9bkn26qlra.apps.googleusercontent.com",
              "client_type": 3
            }
          ]
        }
      }
    }
  ],
  "configuration_version": "1"
}